{
  "0": [
    [ 0.999982, -0.004345,  0.004304,  0.000920 ],
    [ 0.004364,  0.999981, -0.004300, -0.000569 ],
    [-0.004285,  0.004319,  0.999982,  0.062413 ],
    [ 0.0,       0.0,       0.0,       1.0 ]
  ],

  "1": [
    [ 0.000539, -0.733857,  0.679304,  0.014543 ],
    [-0.000693,  0.679304,  0.733857,  0.039337 ],
    [-0.999999, -0.000928, -0.000072,  0.000398 ],
    [ 0.0,       0.0,       0.0,       1.0 ]
  ],

  "2": [
    [ 0.000804,  0.830016,  0.557732, -0.032674 ],
    [-0.000589,  0.557732, -0.830016,  0.025928 ],
    [-0.999999,  0.000308,  0.000962,  0.000176 ],
    [ 0.0,       0.0,       0.0,       1.0 ]
  ],

  "3": [
    [ 0.000664,  0.747606, -0.664135, -0.034969 ],
    [-0.000747, -0.664135, -0.747606, -0.022993 ],
    [-0.999999,  0.000281, -0.000783,  0.000030 ],
    [ 0.0,       0.0,       0.0,       1.0 ]
  ],

  "4": [
    [-0.000615, -0.934611, -0.355654,  0.011238 ],
    [ 0.000753, -0.355654,  0.934611, -0.040367 ],
    [-0.999999,  0.000408, -0.000518, -0.000393 ],
    [ 0.0,       0.0,       0.0,       1.0 ]
  ],

  "5": [
    [-0.000829, -0.327386, -0.944890,  0.041862 ],
    [ 0.000541, -0.944890,  0.327386, -0.001905 ],
    [-0.999999,  0.000402,  0.000688, -0.000212 ],
    [ 0.0,       0.0,       0.0,       1.0 ]
  ]
}
